<?xml version="1.0"?>
<!DOCTYPE board SYSTEM "kb_out.dtd">
<!--
  Warning on the empty Task C1-ABA-CSS-TASK --- TO BE DONE
  Phase II:  Discussion towards assignment or Discussion towards artefatc or Discussion towards report
 -->
<cards>
   <alternative>
     <technique-card>DISCUSSION (TOWARDS ASSIGNMENT) - PHASE II</technique-card>
     <technique-card>DISCUSSION (TOWARDS ARTEFACT) - PHASE II</technique-card>
     <technique-card>DISCUSSION (TOWARDS REPORT) - PHASE II</technique-card>
     <position>C2-CSW-TECHNIQUE</position>
   </alternative>
</cards>